"id","question","ground_truth","model_used","generated","bleu","rouge1","rougeL","bert_F1"
"Q001","What is (are) Diabetes in Children and Teens ?","Until recently, the common type of diabetes in children and teens was type 1. It was called juvenile diabetes. With Type 1 diabetes, the pancreas does not make insulin. Insulin is a hormone that helps glucose,or sugar, get into your cells to give them energy. Without insulin, too much sugar stays in the blood.    But now younger people are also getting type 2 diabetes. Type 2 diabetes used to be called adult-onset diabetes. But now it is becoming more common in children and teens, due to more obesity. With Type 2 diabetes, the body does not make or use insulin well.    Children have a higher risk of type 2 diabetes if they are obese, have a family history of diabetes, or are not active, and do not eat well. To lower the risk of type 2 diabetes in children       - Have them maintain a healthy weight    - Be sure they are physically active    - Have them eat smaller portions of healthy foods    - Limit time with the TV, computer, and video       Children and teens with type 1 diabetes may need to take insulin. Type 2 diabetes may be controlled with diet and exercise. If not, patients will need to take oral diabetes medicines or insulin. A blood test called the A1C can check on how you are managing your diabetes.","","[GEN ERROR] Local generation failed: name 'torch' is not defined","1.9031181223974406e-11","0.017543859649122806","0.017543859649122806","0.7930617332458496"
"Q002","Do you have information about Nutritional Support","Summary : Nutritional support is therapy for people who cannot get enough nourishment by eating or drinking. You may need it if you        - Can't swallow    - Have problems with your appetite    - Are severely malnourished    - Can't absorb nutrients through your digestive system       You receive nutritional support through a needle or catheter placed in your vein or with a feeding tube, which goes into your stomach.","","[GEN ERROR] Local generation failed: name 'torch' is not defined","7.061774072241078e-05","0.02702702702702703","0.02702702702702703","0.7895952463150024"
"Q003","Is inherited thyroxine-binding globulin deficiency inherited ?","Inherited thyroxine-binding globulin deficiency has an X-linked pattern of inheritance. The SERPINA7 gene is located on the X chromosome, which is one of the two sex chromosomes.  In males (who have only one X chromosome), a mutation in the only copy of the gene in each cell causes partial or complete inherited thyroxine-binding globulin deficiency. In females (who have two X chromosomes), a mutation in one of the two copies of the gene in each cell reduces the amount of thyroxine-binding globulin. However, their levels of this protein are usually within the normal range.  A characteristic of X-linked inheritance is that fathers cannot pass X-linked traits to their sons.","","[GEN ERROR] Local generation failed: name 'torch' is not defined","1.0589537558914876e-06","0.016","0.016","0.7908977270126343"
"Q004","What are the treatments for What I need to know about Erectile Dysfunction ?","Your doctor can offer you a number of treatments for ED. For many men, the answer is as simple as taking a pill. Other men have to try two or three options before they find a treatment that works for them. Dont give up if the first treatment doesnt work. Finding the right treatment can take time. You may want to talk with your sexual partner about which treatment fits you best as a couple.","","[GEN ERROR] Local generation failed: name 'torch' is not defined","3.173059628709938e-05","0.023529411764705882","0.023529411764705882","0.8113579750061035"
"Q005","What is (are) Gilbert syndrome ?","Gilbert syndrome is a relatively mild condition characterized by periods of elevated levels of a toxic substance called bilirubin in the blood (hyperbilirubinemia). Bilirubin, which has an orange-yellow tint, is produced when red blood cells are broken down. This substance is removed from the body only after it undergoes a chemical reaction in the liver, which converts the toxic form of bilirubin (unconjugated bilirubin) to a nontoxic form called conjugated bilirubin. People with Gilbert syndrome have a buildup of unconjugated bilirubin in their blood (unconjugated hyperbilirubinemia). In affected individuals, bilirubin levels fluctuate and very rarely increase to levels that cause jaundice, which is yellowing of the skin and whites of the eyes.  Gilbert syndrome is usually recognized in adolescence. If people with this condition have episodes of hyperbilirubinemia, these episodes are generally mild and typically occur when the body is under stress, for instance because of dehydration, prolonged periods without food (fasting), illness, vigorous exercise, or menstruation. Some people with Gilbert syndrome also experience abdominal discomfort or tiredness. However, approximately 30 percent of people with Gilbert syndrome have no signs or symptoms of the condition and are discovered only when routine blood tests reveal elevated unconjugated bilirubin levels.","","[GEN ERROR] Local generation failed: name 'torch' is not defined","1.4442956596013393e-10","0.019138755980861247","0.019138755980861247","0.7848339676856995"
"Q006","What are the symptoms of Charcot-Marie-Tooth disease type 2K ?","What are the signs and symptoms of Charcot-Marie-Tooth disease type 2K? The Human Phenotype Ontology provides the following list of signs and symptoms for Charcot-Marie-Tooth disease type 2K. If the information is available, the table below includes how often the symptom is seen in people with this condition. You can use the MedlinePlus Medical Dictionary to look up the definitions for these medical terms. Signs and Symptoms Approximate number of patients (when available) Areflexia - Autosomal dominant inheritance - Autosomal recessive inheritance - Axonal regeneration - Decreased motor nerve conduction velocity - Decreased number of peripheral myelinated nerve fibers - Distal amyotrophy - Distal muscle weakness - Distal sensory impairment - Infantile onset - Kyphoscoliosis - Proximal muscle weakness - Split hand - Talipes equinovarus - The Human Phenotype Ontology (HPO) has collected information on how often a sign or symptom occurs in a condition. Much of this information comes from Orphanet, a European rare disease database. The frequency of a sign or symptom is usually listed as a rough estimate of the percentage of patients who have that feature. The frequency may also be listed as a fraction. The first number of the fraction is how many people had the symptom, and the second number is the total number of people who were examined in one study. For example, a frequency of 25/25 means that in a study of 25 people all patients were found to have that symptom. Because these frequencies are based on a specific study, the fractions may be different if another group of patients are examined. Sometimes, no information on frequency is available. In these cases, the sign or symptom may be rare or common.","","[GEN ERROR] Local generation failed: name 'torch' is not defined","3.966809590047782e-14","0.007117437722419928","0.007117437722419928","0.7786234617233276"
"Q007","What are the treatments for Multiple endocrine neoplasia type 1 ?","How might multiple endocrine neoplasia, type 1 be treated? People with multiple endocrine neoplasia, type 1 (MEN1) are usually managed with regular screening to allow for early diagnosis and treatment of endocrine tumors. This screening begins in early childhood and continues for life. Recommended screening includes specific types of imaging studies every 3-5 years: Head magnetic resonance imaging (MRI scan) begining at age 5. Abdominal computed tomography (CT scan) or abdominal MRI scan beginning at age 20. Annual blood tests are also recommended, which evaluate the levels of certain substances that can be elevated if an MEN1-associated tumor is present: Prolactin concentrations, which can be used to screen for pituitary tumors, are measured beginning at age 5. Calcium concentrations, which can be used to screen for parathyroid tumors, are measured beginning at age 8. Gastrin concentrations, which can be used to screen for gastrinomas (a specific type of gastro-entero-pancreatic tract tumor) are measured beginning at age 20. When a tumor is detected through screening, the best treatment options depend on many factors, including the size, location, and type of tumor; and whether or not the tumor is ""functional"" (releasing hormones). Many tumors are treated with surgery. If a tumor is functional, removal of the affected endocrine gland often resolves health problems that may be present as a result of elevated hormones. In some cases, functional tumors can be treated with medications that block the function or lower the levels of the overproduced hormone. Chemotherapy or radiation therapy may also be used to to shrink or destroy tumors.","","[GEN ERROR] Local generation failed: name 'torch' is not defined","4.705179127527576e-13","0.014760147601476014","0.014760147601476014","0.7851836085319519"
"Q008","Do you have information about Teen Development","Summary : As a teenager, you go through many physical, mental, emotional, and social changes. The biggest change is puberty, the process of becoming sexually mature. It usually happens between ages 10 and 14 for girls and ages 12 and 16 for boys. As your body changes, you may have questions about sexual health.    During this time, you start to develop your own unique personality and opinions. Some changes that you might notice include       - Increased independence from your parents    - More concerns about body image and clothes    - More influence from peers    - Greater ability to sense right and wrong       All of these changes can sometimes seem overwhelming. Some sadness or moodiness can be normal. But feeling very sad, hopeless, or worthless could be warning signs of a mental health problem. If you need help, talk to your parents, school counselor, or health care provider.    Centers for Disease Control and Prevention","","[GEN ERROR] Local generation failed: name 'torch' is not defined","1.4368476528005483e-08","0.012738853503184714","0.012738853503184714","0.7888664603233337"
"Q009","Is ALG12-congenital disorder of glycosylation inherited ?","This condition is inherited in an autosomal recessive pattern, which means both copies of the gene in each cell have mutations. The parents of an individual with an autosomal recessive condition each carry one copy of the mutated gene, but they typically do not show signs and symptoms of the condition.","","[GEN ERROR] Local generation failed: name 'torch' is not defined","0.0004159513029082128","0.06557377049180327","0.06557377049180327","0.8074650764465332"
"Q010","What are the symptoms of Bantu siderosis ?","What are the signs and symptoms of Bantu siderosis? The Human Phenotype Ontology provides the following list of signs and symptoms for Bantu siderosis. If the information is available, the table below includes how often the symptom is seen in people with this condition. You can use the MedlinePlus Medical Dictionary to look up the definitions for these medical terms. Signs and Symptoms Approximate number of patients (when available) Elevated transferrin saturation - The Human Phenotype Ontology (HPO) has collected information on how often a sign or symptom occurs in a condition. Much of this information comes from Orphanet, a European rare disease database. The frequency of a sign or symptom is usually listed as a rough estimate of the percentage of patients who have that feature. The frequency may also be listed as a fraction. The first number of the fraction is how many people had the symptom, and the second number is the total number of people who were examined in one study. For example, a frequency of 25/25 means that in a study of 25 people all patients were found to have that symptom. Because these frequencies are based on a specific study, the fractions may be different if another group of patients are examined. Sometimes, no information on frequency is available. In these cases, the sign or symptom may be rare or common.","","[GEN ERROR] Local generation failed: name 'torch' is not defined","7.946979790475844e-12","0.008438818565400845","0.008438818565400845","0.7913488745689392"
"Q011","Is phosphoglycerate dehydrogenase deficiency inherited ?","This condition is inherited in an autosomal recessive pattern, which means both copies of the gene in each cell have mutations. The parents of an individual with an autosomal recessive condition each carry one copy of the mutated gene, but they typically do not show signs and symptoms of the condition.","","[GEN ERROR] Local generation failed: name 'torch' is not defined","0.0004159513029082128","0.06557377049180327","0.06557377049180327","0.8074650764465332"
"Q012","Who is at risk for Peripheral Arterial Disease (P.A.D.)? ?","Smoking is the main risk factor for P.A.D. Your risk of P.A.D. increases four times if you smoke. Smoking also raises your risk for other diseases, such as coronary heart disease (CHD). On average, smokers who develop P.A.D. have symptoms 10 years earlier than nonsmokers who develop P.A.D. As you get older, your risk for P.A.D. increases, usually starting in your fifties. Older age combined with other risk factors, such as smoking or diabetes, also puts you at higher risk. African American men and women have a greater risk of developing P.A.D. than Caucasians. Your risk for P.A.D. is higher if you have diabetes, high cholesterol, high blood pressure, heart disease, or have had a stroke. A family history of these conditions also makes P.A.D. more likely.","","[GEN ERROR] Local generation failed: name 'torch' is not defined","1.7504387852693641e-07","0.0130718954248366","0.0130718954248366","0.7951016426086426"
"Q013","Is glucose-galactose malabsorption inherited ?","This condition is inherited in an autosomal recessive pattern, which means both copies of the gene in each cell have mutations. Most often, the parents of an individual with an autosomal recessive condition each carry one copy of the mutated gene, but do not show signs and symptoms of the condition. In some cases, individuals with one altered gene have reduced levels of glucose absorption capacity as measured in laboratory tests, but this has not generally been shown to have significant health effects.","","[GEN ERROR] Local generation failed: name 'torch' is not defined","1.6955091854211743e-05","0.06451612903225806","0.043010752688172046","0.8063662648200989"
"Q014","What are the treatments for Myhre syndrome ?","These resources address the diagnosis or management of Myhre syndrome:  - Centers for Disease Control and Prevention: Types of Hearing Loss  - Genetic Testing Registry: Myhre syndrome  - National Institute on Deafness and Other Communication Disorders: Communication Considerations for Parents of Deaf and Hard-of-Hearing Children   These resources from MedlinePlus offer information about the diagnosis and management of various health conditions:  - Diagnostic Tests  - Drug Therapy  - Surgery and Rehabilitation  - Genetic Counseling   - Palliative Care","","[GEN ERROR] Local generation failed: name 'torch' is not defined","0","0.0","0.0","0.7860526442527771"
"Q015","What is (are) Migraine ?","If you suffer from migraine headaches, you're not alone. About 12 percent of the U.S. population gets them. Migraines are recurring attacks of moderate to severe pain. The pain is throbbing or pulsing, and is often on one side of the head. During migraines, people are very sensitive to light and sound. They may also become nauseated and vomit.     Migraine is three times more common in women than in men. Some people can tell when they are about to have a migraine because they see flashing lights or zigzag lines or they temporarily lose their vision.     Many things can trigger a migraine. These include        -  Anxiety    -  Stress    -  Lack of food or sleep     -  Exposure to light    -  Hormonal changes (in women)       Doctors used to believe migraines were linked to the opening and narrowing of blood vessels in the head. Now they believe the cause is related to genes that control the activity of some brain cells. Medicines can help prevent migraine attacks or help relieve symptoms of attacks when they happen. For many people, treatments to relieve stress can also help.    NIH: National Institute of Neurological Disorders and Stroke","","[GEN ERROR] Local generation failed: name 'torch' is not defined","3.4587545411672576e-10","0.020202020202020204","0.010101010101010102","0.7809323072433472"
"Q016","What are the symptoms of Retinal vasculopathy with cerebral leukodystrophy ?","What are the signs and symptoms of Retinal vasculopathy with cerebral leukodystrophy? The Human Phenotype Ontology provides the following list of signs and symptoms for Retinal vasculopathy with cerebral leukodystrophy. If the information is available, the table below includes how often the symptom is seen in people with this condition. You can use the MedlinePlus Medical Dictionary to look up the definitions for these medical terms. Signs and Symptoms Approximate number of patients (when available) Abnormality of the retinal vasculature 90% Visual impairment 90% Abnormality of movement 50% Behavioral abnormality 50% Cerebral ischemia 50% Developmental regression 50% Hematuria 50% Hemiplegia/hemiparesis 50% Migraine 50% Nephropathy 50% Neurological speech impairment 50% Proteinuria 50% Retinopathy 50% Seizures 50% Cataract 7.5% Glaucoma 7.5% Incoordination 7.5% Micronodular cirrhosis 5% Abnormality of the musculature of the lower limbs - Abnormality of the periventricular white matter - Adult onset - Apraxia - Autosomal dominant inheritance - Central nervous system degeneration - Dementia - Dysarthria - Elevated erythrocyte sedimentation rate - Elevated hepatic transaminases - Hemiparesis - Limb pain - Lower limb hyperreflexia - Macular edema - Pigmentary retinal degeneration - Progressive - Progressive forgetfulness - Progressive visual loss - Punctate vasculitis skin lesions - Retinal exudate - Retinal hemorrhage - Stroke - Telangiectasia - Vasculitis in the skin - The Human Phenotype Ontology (HPO) has collected information on how often a sign or symptom occurs in a condition. Much of this information comes from Orphanet, a European rare disease database. The frequency of a sign or symptom is usually listed as a rough estimate of the percentage of patients who have that feature. The frequency may also be listed as a fraction. The first number of the fraction is how many people had the symptom, and the second number is the total number of people who were examined in one study. For example, a frequency of 25/25 means that in a study of 25 people all patients were found to have that symptom. Because these frequencies are based on a specific study, the fractions may be different if another group of patients are examined. Sometimes, no information on frequency is available. In these cases, the sign or symptom may be rare or common.","","[GEN ERROR] Local generation failed: name 'torch' is not defined","7.3031262790391e-18","0.0056022408963585435","0.0056022408963585435","0.7599208950996399"
"Q017","What is (are) Chondrodysplasia punctata 2 X-linked dominant ?","X-linked dominant chondrodysplasia punctata (CDPX2), also known as Conradi-Hnermann-Happle syndrome, is a rare form of skeletal dysplasia characterized by skeletal malformations, skin abnormalities, cataracts and short stature. The specific symptoms and severity of the disorder may vary greatly from one individual to another. CDPX2 is caused by mutations in the emopamil binding protein gene, EBP. In many cases, this mutation occurs randomly, for no apparent reason (i.e., new mutation). The condition  is inherited as an X-linked dominant trait and occurs almost exclusively in females. Treatment of CDPX2 is directed toward the specific symptoms that present in each individual. Such treatment may require the coordinated efforts of a team of medical professionals, including physicians who diagnose and treat disorders of the skeleton, joints, muscles, and related tissues (orthopedists); skin specialists (dermatologists); eye specialists; and/or other health care professionals.","","[GEN ERROR] Local generation failed: name 'torch' is not defined","6.43950442129712e-08","0.0130718954248366","0.0130718954248366","0.7832290530204773"
"Q018","What to do for Fecal Incontinence ?","Dietary changes that may improve fecal incontinence include","","[GEN ERROR] Local generation failed: name 'torch' is not defined","0","0.0","0.0","0.8177542686462402"
"Q019","What is (are) prolidase deficiency ?","Prolidase deficiency is a disorder that causes a wide variety of symptoms. The disorder typically becomes apparent during infancy. Affected individuals may have enlargement of the spleen (splenomegaly); in some cases, both the spleen and liver are enlarged (hepatosplenomegaly). Diarrhea, vomiting, and dehydration may also occur. People with prolidase deficiency are susceptible to severe infections of the skin or ears, or potentially life-threatening respiratory tract infections. Some individuals with prolidase deficiency have chronic lung disease.  Characteristic facial features in people with prolidase deficiency include prominent eyes that are widely spaced (hypertelorism), a high forehead, a flat bridge of the nose, and a very small lower jaw and chin (micrognathia). Affected children may experience delayed development, and about 75 percent of people with prolidase deficiency have intellectual disability that may range from mild to severe.  People with prolidase deficiency often develop skin lesions, especially on their hands, feet, lower legs, and face. The severity of the skin involvement, which usually begins during childhood, may range from a mild rash to severe skin ulcers. Skin ulcers, especially on the legs, may not heal completely, resulting in complications including infection and amputation.  The severity of symptoms in prolidase deficiency varies greatly among affected individuals. Some people with this disorder do not have any symptoms. In these individuals the condition can be detected by laboratory tests such as newborn screening tests or tests offered to relatives of affected individuals.","","[GEN ERROR] Local generation failed: name 'torch' is not defined","4.246430514319201e-12","0.016260162601626018","0.016260162601626018","0.7845423221588135"
"Q020","What are the symptoms of Lubinsky syndrome ?","What are the signs and symptoms of Lubinsky syndrome? The Human Phenotype Ontology provides the following list of signs and symptoms for Lubinsky syndrome. If the information is available, the table below includes how often the symptom is seen in people with this condition. You can use the MedlinePlus Medical Dictionary to look up the definitions for these medical terms. Signs and Symptoms Approximate number of patients (when available) Abnormality of the testis 90% Cataract 90% Decreased fertility 90% Autosomal recessive inheritance - Elevated follicle stimulating hormone - Hypogonadism - Infertility - Male hypogonadism - The Human Phenotype Ontology (HPO) has collected information on how often a sign or symptom occurs in a condition. Much of this information comes from Orphanet, a European rare disease database. The frequency of a sign or symptom is usually listed as a rough estimate of the percentage of patients who have that feature. The frequency may also be listed as a fraction. The first number of the fraction is how many people had the symptom, and the second number is the total number of people who were examined in one study. For example, a frequency of 25/25 means that in a study of 25 people all patients were found to have that symptom. Because these frequencies are based on a specific study, the fractions may be different if another group of patients are examined. Sometimes, no information on frequency is available. In these cases, the sign or symptom may be rare or common.","","[GEN ERROR] Local generation failed: name 'torch' is not defined","8.805504602263625e-13","0.007843137254901962","0.007843137254901962","0.7857317924499512"
"Q021","What is the outlook for Myotonia Congenita ?","Most individuals with myotonia congenita lead long, productive lives. Although muscle stiffness may interfere with walking, grasping, chewing, and swallowing, it is usually relieved with exercise.","","[GEN ERROR] Local generation failed: name 'torch' is not defined","0.004261094784666207","0.05555555555555555","0.05555555555555555","0.8173831105232239"
"Q022","What are the symptoms of Potato nose ?","What are the signs and symptoms of Potato nose? The Human Phenotype Ontology provides the following list of signs and symptoms for Potato nose. If the information is available, the table below includes how often the symptom is seen in people with this condition. You can use the MedlinePlus Medical Dictionary to look up the definitions for these medical terms. Signs and Symptoms Approximate number of patients (when available) Abnormality of the nose - The Human Phenotype Ontology (HPO) has collected information on how often a sign or symptom occurs in a condition. Much of this information comes from Orphanet, a European rare disease database. The frequency of a sign or symptom is usually listed as a rough estimate of the percentage of patients who have that feature. The frequency may also be listed as a fraction. The first number of the fraction is how many people had the symptom, and the second number is the total number of people who were examined in one study. For example, a frequency of 25/25 means that in a study of 25 people all patients were found to have that symptom. Because these frequencies are based on a specific study, the fractions may be different if another group of patients are examined. Sometimes, no information on frequency is available. In these cases, the sign or symptom may be rare or common.","","[GEN ERROR] Local generation failed: name 'torch' is not defined","7.190724674798103e-12","0.008403361344537815","0.008403361344537815","0.792713463306427"
"Q023","What are the genetic changes related to familial hyperaldosteronism ?","The various types of familial hyperaldosteronism have different genetic causes. Familial hyperaldosteronism type I is caused by the abnormal joining together (fusion) of two similar genes called CYP11B1 and CYP11B2, which are located close together on chromosome 8. These genes provide instructions for making two enzymes that are found in the adrenal glands.  The CYP11B1 gene provides instructions for making an enzyme called 11-beta-hydroxylase. This enzyme helps produce hormones called cortisol and corticosterone. The CYP11B2 gene provides instructions for making another enzyme called aldosterone synthase, which helps produce aldosterone. When CYP11B1 and CYP11B2 are abnormally fused together, too much aldosterone synthase is produced. This overproduction causes the adrenal glands to make excess aldosterone, which leads to the signs and symptoms of familial hyperaldosteronism type I.  Familial hyperaldosteronism type III is caused by mutations in the KCNJ5 gene. The KCNJ5 gene provides instructions for making a protein that functions as a potassium channel, which means that it transports positively charged atoms (ions) of potassium into and out of cells. In the adrenal glands,the flow of ions through potassium channels produced from the KCNJ5 gene is thought to help regulate the production of aldosterone. Mutations in the KCNJ5 gene likely result in the production of potassium channels that are less selective, allowing other ions (predominantly sodium) to pass as well. The abnormal ion flow results in the activation of biochemical processes (pathways) that lead to increased aldosterone production, causing the hypertension associated with familial hyperaldosteronism type III.  The genetic cause of familial hyperaldosteronism type II is unknown.","","[GEN ERROR] Local generation failed: name 'torch' is not defined","4.832563387401773e-13","0.007462686567164178","0.007462686567164178","0.7794321179389954"
"Q024","What are the symptoms of Sudden Cardiac Arrest ?","Usually, the first sign of sudden cardiac arrest (SCA) is loss of consciousness (fainting). At the same time, no heartbeat (or pulse) can be felt.","","[GEN ERROR] Local generation failed: name 'torch' is not defined","0.004709238035176906","0.05714285714285714","0.05714285714285714","0.8234657049179077"
"Q025","What are the treatments for What I need to know about Diarrhea ?","Diarrhea is treated by replacing lost fluids, salts, and minerals to prevent dehydration.","","[GEN ERROR] Local generation failed: name 'torch' is not defined","0.015635220893785457","0.08695652173913043","0.08695652173913043","0.8189470767974854"
"Q026","How to diagnose Spastic diplegia cerebral palsy ?","How is spastic diplegia cerebral palsy diagnosed? A diagnosis of spastic diplegia cerebral palsy is based on the presence of characteristic signs and symptoms. However, the following tests may be recommended to rule out other conditions that cause similar features. Blood tests CT scan of the head MRI scan of the head Electroencephalogram (EEG) Electromyography For more information about the diagnosis of spastic diplegia cerebral palsy and other types of cerebral palsy, please click here.","","[GEN ERROR] Local generation failed: name 'torch' is not defined","3.173059628709938e-05","0.023529411764705882","0.023529411764705882","0.7960206270217896"
"Q027","What are the symptoms of Familial dilated cardiomyopathy ?","What are the signs and symptoms of Familial dilated cardiomyopathy? The Human Phenotype Ontology provides the following list of signs and symptoms for Familial dilated cardiomyopathy. If the information is available, the table below includes how often the symptom is seen in people with this condition. You can use the MedlinePlus Medical Dictionary to look up the definitions for these medical terms. Signs and Symptoms Approximate number of patients (when available) Hypertrophic cardiomyopathy 90% Abnormality of neutrophils 7.5% EMG abnormality 7.5% Lipoatrophy 7.5% Myopathy 7.5% Palmoplantar keratoderma 7.5% Sensorineural hearing impairment 7.5% The Human Phenotype Ontology (HPO) has collected information on how often a sign or symptom occurs in a condition. Much of this information comes from Orphanet, a European rare disease database. The frequency of a sign or symptom is usually listed as a rough estimate of the percentage of patients who have that feature. The frequency may also be listed as a fraction. The first number of the fraction is how many people had the symptom, and the second number is the total number of people who were examined in one study. For example, a frequency of 25/25 means that in a study of 25 people all patients were found to have that symptom. Because these frequencies are based on a specific study, the fractions may be different if another group of patients are examined. Sometimes, no information on frequency is available. In these cases, the sign or symptom may be rare or common.","","[GEN ERROR] Local generation failed: name 'torch' is not defined","1.1886187942516551e-12","0.007604562737642585","0.007604562737642585","0.7813679575920105"
"Q028","What is (are) Chronic Lymphocytic Leukemia ?","Key Points","","[GEN ERROR] Local generation failed: name 'torch' is not defined","0","0.0","0.0","0.7934306859970093"
"Q029","What are the treatments for dihydrolipoamide dehydrogenase deficiency ?","These resources address the diagnosis or management of dihydrolipoamide dehydrogenase deficiency:  - Gene Review: Gene Review: Dihydrolipoamide Dehydrogenase Deficiency  - Genetic Testing Registry: Maple syrup urine disease, type 3   These resources from MedlinePlus offer information about the diagnosis and management of various health conditions:  - Diagnostic Tests  - Drug Therapy  - Surgery and Rehabilitation  - Genetic Counseling   - Palliative Care","","[GEN ERROR] Local generation failed: name 'torch' is not defined","0","0.0","0.0","0.7782137989997864"
"Q030","What is (are) Leukemia ?","Radiation therapy is a cancer treatment that uses high-energy x-rays to destroy cancer cells. Some patients receive radiation treatment that is directed at the whole body.","","[GEN ERROR] Local generation failed: name 'torch' is not defined","0.004261094784666207","0.05263157894736841","0.05263157894736841","0.8170837759971619"
"Q031","How to prevent Peripheral Arterial Disease (P.A.D.) ?","What Causes P.A.D.? The most common cause of P.A.D. is atherosclerosis, a buildup of plaque in the arteries. The exact cause of atherosclerosis isn't known. Certain people are at higher risk for developing atherosclerosis. The disease may start if certain factors damage the inner layers of the arteries. These factors include - smoking  - high amounts of certain fats and cholesterol in the blood   - high blood pressure   - high amounts of sugar in the blood due to insulin resistance or diabetes. smoking high amounts of certain fats and cholesterol in the blood high blood pressure high amounts of sugar in the blood due to insulin resistance or diabetes. The major risk factors for P.A.D. are smoking, older age, and having certain diseases or conditions. The Effects of Smoking Smoking is the main risk factor for P.A.D. Your risk of P.A.D. increases four times if you smoke or have a history of smoking. On average, people who smoke and develop P.A.D. have symptoms 10 years earlier than people who don't smoke and develop P.A.D. Quitting smoking slows the progress of P.A.D. Smoking even one or two cigarettes a day can interfere with P.A.D. treatments. People who smoke and people who have diabetes are at highest risk for P.A.D. complications such as gangrene (tissue death) in the leg from decreased blood flow. Older Age Older age also is a risk factor for P.A.D. Plaque builds up in your arteries as you age. About 1 in every 20 Americans over the age of 50 has P.A.D. The risk continues to rise as you get older. Older age combined with other factors, such as smoking or diabetes, also puts you at higher risk for P.A.D. Diseases That Put You at Risk Many diseases and conditions can raise your risk of P.A.D., including - diabetes. About 1 in 3 people older than 50 who has diabetes also has P.A.D.  - high blood pressure   - high blood cholesterol   - coronary heart disease (CHD)   - stroke   - metabolic syndrome (a group of risk factors that raise your risk of CHD and other health problems, such as P.A.D., stroke, and diabetes).  diabetes. About 1 in 3 people older than 50 who has diabetes also has P.A.D. high blood pressure high blood cholesterol coronary heart disease (CHD) stroke metabolic syndrome (a group of risk factors that raise your risk of CHD and other health problems, such as P.A.D., stroke, and diabetes). A family history of these conditions makes P.A.D. more likely. Reducing Your Risk for P.A.D. Taking action to control your risk factors can help prevent or delay P.A.D. There are several helpful lifestyle changes you can make. - Quit smoking. Smoking is the biggest risk factor for P.A.D.  - Eat a healthy diet. Look for foods that are low in total fat, saturated fat, trans fat, cholesterol, and sodium (salt).  - Get regular exercise and physical activity. Quit smoking. Smoking is the biggest risk factor for P.A.D. Eat a healthy diet. Look for foods that are low in total fat, saturated fat, trans fat, cholesterol, and sodium (salt). Get regular exercise and physical activity. These lifestyle changes can reduce your risk for P.A.D. and its complications. They can also help prevent and control conditions such as diabetes and high blood pressure that can lead to P.A.D.","","[GEN ERROR] Local generation failed: name 'torch' is not defined","8.239859211836997e-26","0.0033444816053511705","0.0033444816053511705","0.7824994921684265"
"Q032","What is (are) Liver Cancer ?","Your liver is the largest organ inside your body. It helps your body digest food, store energy, and remove poisons. Primary liver cancer starts in the liver. Metastatic liver cancer starts somewhere else and spreads to your liver.     Risk factors for primary liver cancer include        - Having hepatitis B or C    - Heavy alcohol use    - Having cirrhosis, or scarring of the liver    - Having hemochromatosis, an iron storage disease    - Obesity and diabetes       Symptoms can include a lump or pain on the right side of your abdomen and yellowing of the skin. However, you may not have symptoms until the cancer is advanced. This makes it harder to treat. Doctors use tests that examine the liver and the blood to diagnose liver cancer. Treatment options include surgery, radiation, chemotherapy, or liver transplantation.     NIH: National Cancer Institute","","[GEN ERROR] Local generation failed: name 'torch' is not defined","7.657904474898015e-08","0.028169014084507046","0.028169014084507046","0.7811800837516785"
"Q033","What are the complications of Short Bowel Syndrome ?","The complications of short bowel syndrome may include","","[GEN ERROR] Local generation failed: name 'torch' is not defined","0","0.0","0.0","0.8111947178840637"
"Q034","What is (are) Creutzfeldt-Jakob disease ?","Creutzfeldt-Jakob disease (CJD) is a rare fatal brain disorder that usually occurs later in life and runs a rapid course. In the early stages of the disease, patients may have failing memory, behavior changes, impaired coordination, and vision problems. As CJD progresses, mental deterioration becomes severe, and they can have uncontrolled movements, blindness, weakness, and go into a coma. This condition often leads to death within a few weeks or months after symptoms begin. About 90 percent of patients do not survive for more than one year. In the United States, about 300 people are diagnosed with this condition each year. It occurs in approximately one in every one million people worldwide. CJD can be very difficult to diagnose because it is similar to other forms of dementia. The only way to confirm the diagnosis is to test a small sample of brain tissue, which can be done by brain biopsy or autopsy. CJD is caused by the build up of abnormal prion proteins in the brain. For most patients, the reason for the abnormal prions is unknown (sporadic CJD). About 5 to 10 percent of cases are due to an inherited genetic mutation associated with CJD (familial CJD). This condition can also be acquired through contact with infected brain tissue (iatrogenic CJD) or consuming infected beef (variant CJD). There is no specific treatment for CJD, so the goal is to make a person as comfortable as possible.","","[GEN ERROR] Local generation failed: name 'torch' is not defined","3.1458330978665e-12","0.024096385542168676","0.01606425702811245","0.7904638051986694"
"Q035","What are the symptoms of Bardet-Biedl syndrome 7 ?","What are the signs and symptoms of Bardet-Biedl syndrome 7? The Human Phenotype Ontology provides the following list of signs and symptoms for Bardet-Biedl syndrome 7. If the information is available, the table below includes how often the symptom is seen in people with this condition. You can use the MedlinePlus Medical Dictionary to look up the definitions for these medical terms. Signs and Symptoms Approximate number of patients (when available) Abnormality of the kidney 95% Micropenis 88% Myopia 75% Astigmatism 63% Cataract 30% Glaucoma 22% Rod-cone dystrophy 8% Abnormality of the ovary 7.5% Hearing impairment 7.5% Macrocephaly 7.5% Vaginal atresia 7.5% Aganglionic megacolon 5% Asthma - Ataxia - Autosomal recessive inheritance - Biliary tract abnormality - Brachydactyly syndrome - Broad foot - Congenital primary aphakia - Decreased testicular size - Delayed speech and language development - Dental crowding - Diabetes mellitus - Foot polydactyly - Gait imbalance - Hepatic fibrosis - High palate - Hirsutism - Hypertension - Hypodontia - Hypogonadism - Intellectual disability - Left ventricular hypertrophy - Nephrogenic diabetes insipidus - Neurological speech impairment - Nystagmus - Obesity - Poor coordination - Postaxial hand polydactyly - Radial deviation of finger - Retinal degeneration - Short foot - Specific learning disability - Strabismus - Syndactyly - The Human Phenotype Ontology (HPO) has collected information on how often a sign or symptom occurs in a condition. Much of this information comes from Orphanet, a European rare disease database. The frequency of a sign or symptom is usually listed as a rough estimate of the percentage of patients who have that feature. The frequency may also be listed as a fraction. The first number of the fraction is how many people had the symptom, and the second number is the total number of people who were examined in one study. For example, a frequency of 25/25 means that in a study of 25 people all patients were found to have that symptom. Because these frequencies are based on a specific study, the fractions may be different if another group of patients are examined. Sometimes, no information on frequency is available. In these cases, the sign or symptom may be rare or common.","","[GEN ERROR] Local generation failed: name 'torch' is not defined","1.0894984153063507e-17","0.005763688760806917","0.005763688760806917","0.761744499206543"
"Q036","What is (are) Ewing Sarcoma ?","Key Points","","[GEN ERROR] Local generation failed: name 'torch' is not defined","0","0.0","0.0","0.7934306859970093"
"Q037","What are the treatments for Urinary Incontinence in Men ?","Treatment depends on the type of UI.","","[GEN ERROR] Local generation failed: name 'torch' is not defined","0","0.0","0.0","0.8404250144958496"
"Q038","What are the symptoms of Hunter Rudd Hoffmann syndrome ?","What are the signs and symptoms of Hunter Rudd Hoffmann syndrome? The Human Phenotype Ontology provides the following list of signs and symptoms for Hunter Rudd Hoffmann syndrome. If the information is available, the table below includes how often the symptom is seen in people with this condition. You can use the MedlinePlus Medical Dictionary to look up the definitions for these medical terms. Signs and Symptoms Approximate number of patients (when available) Abnormal dermatoglyphics 90% Abnormality of the distal phalanx of finger 90% Abnormality of the fingernails 90% Abnormality of the toenails 90% Clinodactyly of the 5th finger 90% Cognitive impairment 90% Convex nasal ridge 90% Craniosynostosis 90% Epicanthus 90% Hypotelorism 90% Intrauterine growth retardation 90% Low-set, posteriorly rotated ears 90% Narrow forehead 90% Prominent metopic ridge 90% Ptosis 90% Short stature 90% Trigonocephaly 90% Underdeveloped supraorbital ridges 90% Wide mouth 90% Wide nasal bridge 90% Abnormality of the palate 7.5% EEG abnormality 7.5% Hernia of the abdominal wall 7.5% Proptosis 7.5% Seizures 7.5% Ventricular septal defect 7.5% Broad secondary alveolar ridge - High palate - Inguinal hernia - Intellectual disability - Lambdoidal craniosynostosis - Low-set ears - Posteriorly rotated ears - Premature posterior fontanelle closure - Sagittal craniosynostosis - Small anterior fontanelle - Small for gestational age - X-linked recessive inheritance - The Human Phenotype Ontology (HPO) has collected information on how often a sign or symptom occurs in a condition. Much of this information comes from Orphanet, a European rare disease database. The frequency of a sign or symptom is usually listed as a rough estimate of the percentage of patients who have that feature. The frequency may also be listed as a fraction. The first number of the fraction is how many people had the symptom, and the second number is the total number of people who were examined in one study. For example, a frequency of 25/25 means that in a study of 25 people all patients were found to have that symptom. Because these frequencies are based on a specific study, the fractions may be different if another group of patients are examined. Sometimes, no information on frequency is available. In these cases, the sign or symptom may be rare or common.","","[GEN ERROR] Local generation failed: name 'torch' is not defined","5.979294078261307e-18","0.005319148936170213","0.005319148936170213","0.7615000605583191"
"Q039","What are the treatments for cytochrome c oxidase deficiency ?","These resources address the diagnosis or management of cytochrome c oxidase deficiency:  - Cincinnati Children's Hospital: Acute Liver Failure  - Cincinnati Children's Hospital: Cardiomyopathies  - Genetic Testing Registry: Cardioencephalomyopathy, fatal infantile, due to cytochrome c oxidase deficiency  - Genetic Testing Registry: Cytochrome-c oxidase deficiency  - The United Mitochondrial Disease Foundation: Treatments and Therapies   These resources from MedlinePlus offer information about the diagnosis and management of various health conditions:  - Diagnostic Tests  - Drug Therapy  - Surgery and Rehabilitation  - Genetic Counseling   - Palliative Care","","[GEN ERROR] Local generation failed: name 'torch' is not defined","0","0.0","0.0","0.7817021012306213"
"Q040","what research (or clinical trials) is being done for Alternating Hemiplegia ?","The NINDS supports research on paralytic disorders such as alternating hemiplegia, with the goals of learning more about these disorders and finding ways to prevent, treat and, ultimately cure them.","","[GEN ERROR] Local generation failed: name 'torch' is not defined","0","0.0","0.0","0.8147726058959961"
"Q041","What is (are) Chromosome 2q deletion ?","Chromosome 2q deletion is a chromosome abnormality that occurs when there is a missing copy of the genetic material located on the long arm (q) of chromosome 2. The severity of the condition and the signs and symptoms depend on the size and location of the deletion and which genes are involved. Features that often occur in people with chromosome 2q deletion include developmental delay, intellectual disability, behavioral problems, and distinctive facial features. Most cases are not inherited, but people can pass the deletion on to their children. Treatment is based on the signs and symptoms present in each person.","","[GEN ERROR] Local generation failed: name 'torch' is not defined","3.097415930565219e-06","0.03636363636363636","0.03636363636363636","0.8003832101821899"
"Q042","What is (are) Low Blood Pressure ?","You've probably heard that high blood pressure is a problem. Sometimes blood pressure that is too low can also cause problems.    Blood pressure is the force of your blood pushing against the walls of your arteries. Each time your heart beats, it pumps out blood into the arteries. Your blood pressure is highest when your heart beats, pumping the blood. This is called systolic pressure. When your heart is at rest, between beats, your blood pressure falls. This is the diastolic pressure. Your blood pressure reading uses these two numbers. Usually they're written one above or before the other, such as 120/80. If your blood pressure reading is 90/60 or lower, you have low blood pressure.     Some people have low blood pressure all the time. They have no symptoms and their low readings are normal for them. In other people, blood pressure drops below normal because of a medical condition or certain medicines. Some people may have symptoms of low blood pressure when standing up too quickly. Low blood pressure is a problem only if it causes dizziness, fainting or in extreme cases, shock.     NIH: National Heart, Lung, and Blood Institute","","[GEN ERROR] Local generation failed: name 'torch' is not defined","2.908454294910053e-10","0.00975609756097561","0.00975609756097561","0.7847821712493896"
"Q043","What is (are) Charcot-Marie-Tooth disease type 1E ?","Charcot-Marie-Tooth disease type 1E (CMT1E) is a form of Charcot-Marie-Tooth disease, which is a group of rare conditions that affect the peripheral nerves. Signs and symptoms of CMT1E generally become apparent between age 5 and 25 years, although the age of onset and disease severity can vary significantly from person to person. In general, CMT1E is associated with the typical features of Charcot-Marie-Tooth disease type 1 (progressive weakness of the feet and/or ankles; foot drop; atrophy of muscles below the knee; absent tendon reflexes of upper and lower extremities; and a decreased sensitivity to touch, heat, and cold in the feet and/or lower legs) in addition to hearing loss. CMT1E is caused by certain changes (mutations) in the PMP22 gene and is inherited in an autosomal dominant manner. Treatment is based on the signs and symptoms present in each person.","","[GEN ERROR] Local generation failed: name 'torch' is not defined","4.770502207457384e-08","0.02531645569620253","0.02531645569620253","0.7867133021354675"
"Q044","What are the symptoms of Palmoplantar keratoderma, epidermolytic ?","What are the signs and symptoms of Palmoplantar keratoderma, epidermolytic? The Human Phenotype Ontology provides the following list of signs and symptoms for Palmoplantar keratoderma, epidermolytic. If the information is available, the table below includes how often the symptom is seen in people with this condition. You can use the MedlinePlus Medical Dictionary to look up the definitions for these medical terms. Signs and Symptoms Approximate number of patients (when available) Palmoplantar keratoderma 90% Verrucae 90% Abnormality of the fingernails 50% Eczema 50% Hyperhidrosis 50% Autosomal dominant inheritance - Increased IgE level - Localized epidermolytic hyperkeratosis - Palmoplantar hyperkeratosis - The Human Phenotype Ontology (HPO) has collected information on how often a sign or symptom occurs in a condition. Much of this information comes from Orphanet, a European rare disease database. The frequency of a sign or symptom is usually listed as a rough estimate of the percentage of patients who have that feature. The frequency may also be listed as a fraction. The first number of the fraction is how many people had the symptom, and the second number is the total number of people who were examined in one study. For example, a frequency of 25/25 means that in a study of 25 people all patients were found to have that symptom. Because these frequencies are based on a specific study, the fractions may be different if another group of patients are examined. Sometimes, no information on frequency is available. In these cases, the sign or symptom may be rare or common.","","[GEN ERROR] Local generation failed: name 'torch' is not defined","5.340808515513586e-13","0.015325670498084292","0.015325670498084292","0.7790889739990234"
"Q045","How to diagnose Basilar migraine ?","How is a basilar migraine diagnosed? A diagnosis of basilar migraine is made based on the presence of characteristic signs and symptoms. Although there are no tests available to confirm the diagnosis, additional testing may be ordered to rule out other conditions that can cause similar features. These tests may include: Brain MRI MR angiogram (MRA) Electroencephalogram 24-hour heart monitor Specialized blood tests","","[GEN ERROR] Local generation failed: name 'torch' is not defined","0.00010534928970132013","0.02702702702702703","0.02702702702702703","0.8032509088516235"
"Q046","What are the symptoms of Spinal intradural arachnoid cysts ?","What are the signs and symptoms of Spinal intradural arachnoid cysts? The Human Phenotype Ontology provides the following list of signs and symptoms for Spinal intradural arachnoid cysts. If the information is available, the table below includes how often the symptom is seen in people with this condition. You can use the MedlinePlus Medical Dictionary to look up the definitions for these medical terms. Signs and Symptoms Approximate number of patients (when available) Abnormality of the vertebral column - Arachnoid cyst - Autosomal dominant inheritance - Paraplegia - The Human Phenotype Ontology (HPO) has collected information on how often a sign or symptom occurs in a condition. Much of this information comes from Orphanet, a European rare disease database. The frequency of a sign or symptom is usually listed as a rough estimate of the percentage of patients who have that feature. The frequency may also be listed as a fraction. The first number of the fraction is how many people had the symptom, and the second number is the total number of people who were examined in one study. For example, a frequency of 25/25 means that in a study of 25 people all patients were found to have that symptom. Because these frequencies are based on a specific study, the fractions may be different if another group of patients are examined. Sometimes, no information on frequency is available. In these cases, the sign or symptom may be rare or common.","","[GEN ERROR] Local generation failed: name 'torch' is not defined","1.7732108733452104e-12","0.008032128514056224","0.008032128514056224","0.7844778299331665"
"Q047","What is (are) Tetra-amelia syndrome ?","Tetra-amelia syndrome is a very rare disorder characterized by the absence of all four limbs. This syndrome can also cause severe malformations of other parts of the body, including the face and head, heart, nervous system, skeleton, and genitalia. The lungs are underdeveloped in many cases, which makes breathing difficult or impossible. Because children with tetra-amelia syndrome have such serious medical problems, most are stillborn or die shortly after birth. The condition has been associated with a mutation in the WNT3 gene in one family, and it appears to be inherited in an autosomal recessive manner.","","[GEN ERROR] Local generation failed: name 'torch' is not defined","3.885615487655521e-06","0.018518518518518514","0.018518518518518514","0.7997260093688965"
"Q048","How many people are affected by Apert syndrome ?","Apert syndrome affects an estimated 1 in 65,000 to 88,000 newborns.","","[GEN ERROR] Local generation failed: name 'torch' is not defined","0","0.0","0.0","0.7982380390167236"
"Q049","How many people are affected by tuberous sclerosis complex ?","Tuberous sclerosis complex affects about 1 in 6,000 people.","","[GEN ERROR] Local generation failed: name 'torch' is not defined","0","0.0","0.0","0.8048825263977051"
"Q050","Is hereditary angiopathy with nephropathy, aneurysms, and muscle cramps syndrome inherited ?","This condition is inherited in an autosomal dominant pattern, which means one copy of the altered gene in each cell is sufficient to cause the disorder.","","[GEN ERROR] Local generation failed: name 'torch' is not defined","0.004261094784666207","0.05555555555555555","0.05555555555555555","0.8153818845748901"
"Q051","Is Wolff-Parkinson-White syndrome inherited ?","Most cases of Wolff-Parkinson-White syndrome occur in people with no apparent family history of the condition. These cases are described as sporadic and are not inherited.  Familial Wolff-Parkinson-White syndrome accounts for only a small percentage of all cases of this condition. The familial form of the disorder typically has an autosomal dominant pattern of inheritance, which means one copy of the altered gene in each cell is sufficient to cause the condition. In most cases, a person with familial Wolff-Parkinson-White syndrome has inherited the condition from an affected parent.","","[GEN ERROR] Local generation failed: name 'torch' is not defined","9.30515170063445e-06","0.03809523809523809","0.019047619047619046","0.7958821654319763"
"Q052","What is (are) Cardiomyopathy ?","Cardiomyopathy refers to diseases of the heart muscle. These diseases have many causes, signs and symptoms, and treatments.","","[GEN ERROR] Local generation failed: name 'torch' is not defined","0","0.0","0.0","0.810617208480835"
"Q053","Is Hailey-Hailey disease inherited ?","How is Hailey-Hailey disease inherited? Hailey-Hailey disease is inherited in an autosomal dominant manner. This means that having only one mutated copy of the disease-causing gene in each cell is enough to cause signs or symptoms of the condition. Some people with Hailey-Hailey disease inherit the condition from an affected parent. Other cases are due to a new mutation in the gene and occur in people with no history of the condition in their family. When a person with an autosomal dominant condition has children, each child has a 50% (1 in 2) risk to inherit the mutated copy of the gene.","","[GEN ERROR] Local generation failed: name 'torch' is not defined","2.1324709930125154e-06","0.017241379310344827","0.017241379310344827","0.7968131303787231"
"Q054","Do you have information about Native American Health","Summary : Every racial or ethnic group has specific health concerns. Differences in the health of groups can result from:       - Genetics    - Environmental factors    - Access to care    - Cultural factors        On this page, you'll find links to health issues that affect Native Americans.","","[GEN ERROR] Local generation failed: name 'torch' is not defined","0","0.0","0.0","0.7927331328392029"
"Q055","How to diagnose Book syndrome ?","How is Book syndrome diagnosed? Due to the rarity of Book syndrome and scarcity of reports in the medical literature, we are unaware of specific information about diagnosing Book syndrome. In general, ectodermal dysplasias are diagnosed by the presence of specific symptoms affecting the hair, nails, sweat glands, and/or teeth. When a person has at least two types of abnormal ectodermal features (e.g., malformed teeth and extremely sparse hair), the person is typically identified as being affected by an ectodermal dysplasia. Specific genetics tests to diagnose ectodermal dysplasia are available for only a limited number of ectodermal dysplasias. Unfortunately, there currently is no genetic test for Book syndrome because the gene responsible for the condition has not yet been identified. People who are interested in learning more about a diagnosis of ectodermal dysplasia for themselves or family members should speak with their dermatologist and/or dentist. These specialists can help determine whether a person has signs and/or symptoms of ectodermal dysplasia.","","[GEN ERROR] Local generation failed: name 'torch' is not defined","7.677726479929589e-09","0.034482758620689655","0.034482758620689655","0.7925886511802673"
"Q056","what research (or clinical trials) is being done for Paraneoplastic Syndromes ?","Research on paraneoplastic syndromes is aimed at enhancing scientific understanding and evaluating new therapeutic interventions. Researchers seek to learn what causes the autoimmune response in these disorders. Studies are directed at developing tests that detect the presence of antibodies. Scientists also hope to develop animal models for these diseases, which may be used to determine effective treatment strategies.","","[GEN ERROR] Local generation failed: name 'torch' is not defined","0.00017369161478371644","0.02941176470588235","0.02941176470588235","0.807806134223938"
"Q057","Is Wolfram syndrome inherited ?","When Wolfram syndrome is caused by mutations in the WFS1 gene, it is inherited in an autosomal recessive pattern, which means both copies of the gene in each cell have mutations. The parents of an individual with an autosomal recessive condition each carry one copy of the mutated gene, but they typically do not show signs and symptoms of the condition. Some studies have shown that people who carry one copy of a WFS1 gene mutation are at increased risk of developing individual features of Wolfram syndrome or related features, such as type 2 diabetes, hearing loss, or psychiatric illness. However, other studies have found no increased risk in these individuals.  Wolfram syndrome caused by mutations in the CISD2 gene is also inherited in an autosomal recessive pattern.","","[GEN ERROR] Local generation failed: name 'torch' is not defined","1.8835405671401858e-07","0.028985507246376812","0.028985507246376812","0.7999921441078186"
"Q058","What is (are) Idiopathic Pulmonary Fibrosis ?","Pulmonary fibrosis (PULL-mun-ary fi-BRO-sis) is a disease in which tissue deep in your lungs becomes thick and stiff, or scarred, over time. The formation of scar tissue is called fibrosis.","","[GEN ERROR] Local generation failed: name 'torch' is not defined","0.0028562972522196747","0.04545454545454545","0.04545454545454545","0.7977875471115112"
"Q059","What are the symptoms of Curry Jones syndrome ?","What are the signs and symptoms of Curry Jones syndrome? The Human Phenotype Ontology provides the following list of signs and symptoms for Curry Jones syndrome. If the information is available, the table below includes how often the symptom is seen in people with this condition. You can use the MedlinePlus Medical Dictionary to look up the definitions for these medical terms. Signs and Symptoms Approximate number of patients (when available) Finger syndactyly 90% Hypertelorism 90% Hypopigmented skin patches 90% Abnormality of thumb phalanx 50% Aplasia/Hypoplasia affecting the eye 50% Aplasia/Hypoplasia of the corpus callosum 50% Aplasia/Hypoplasia of the skin 50% Cognitive impairment 50% Craniosynostosis 50% Facial asymmetry 50% Foot polydactyly 50% Hypertrichosis 50% Preaxial hand polydactyly 50% Toe syndactyly 50% Ventriculomegaly 50% Chorioretinal coloboma 7.5% Intestinal malrotation 7.5% Iris coloboma 7.5% Optic nerve coloboma 7.5% Abnormality of the skin - Agenesis of corpus callosum - Anal stenosis - Blepharophimosis - Coloboma - Microphthalmia - Syndactyly - The Human Phenotype Ontology (HPO) has collected information on how often a sign or symptom occurs in a condition. Much of this information comes from Orphanet, a European rare disease database. The frequency of a sign or symptom is usually listed as a rough estimate of the percentage of patients who have that feature. The frequency may also be listed as a fraction. The first number of the fraction is how many people had the symptom, and the second number is the total number of people who were examined in one study. For example, a frequency of 25/25 means that in a study of 25 people all patients were found to have that symptom. Because these frequencies are based on a specific study, the fractions may be different if another group of patients are examined. Sometimes, no information on frequency is available. In these cases, the sign or symptom may be rare or common.","","[GEN ERROR] Local generation failed: name 'torch' is not defined","1.7870160807876834e-15","0.006211180124223602","0.006211180124223602","0.7668516039848328"
"Q060","Is Orofaciodigital syndrome 2 inherited ?","How is orofaciodigital syndrome type 2 inherited? Orofaciodigital syndrome type 2 is inherited in an autosomal recessive pattern, which means that an individual needs to inherit two mutated (changed) copies of the gene-one from each parent-in order to have the condition.","","[GEN ERROR] Local generation failed: name 'torch' is not defined","0.0009507787617102103","0.03773584905660377","0.03773584905660377","0.7988893985748291"
"Q061","What are the treatments for Arts syndrome ?","These resources address the diagnosis or management of Arts syndrome:  - Gene Review: Gene Review: Arts Syndrome  - Genetic Testing Registry: Arts syndrome  - MedlinePlus Encyclopedia: Hearing Loss  - MedlinePlus Encyclopedia: Movement, Uncoordinated  - MedlinePlus Encyclopedia: Optic Nerve Atrophy   These resources from MedlinePlus offer information about the diagnosis and management of various health conditions:  - Diagnostic Tests  - Drug Therapy  - Surgery and Rehabilitation  - Genetic Counseling   - Palliative Care","","[GEN ERROR] Local generation failed: name 'torch' is not defined","0","0.0","0.0","0.78340083360672"
"Q062","What is (are) Refsum disease, infantile form ?","Infantile Refsum disease is the mildest of a group of disorders known as peroxisome biogenesis disorders, Zellweger syndrome spectrum (PBD-ZSS). PBD-ZSS is a group of inherited genetic disorders that damage the white matter of the brain and affect motor movements.  Peroxisome biogenesis disorders, in turn, are part of a larger group of disorders called leukodystrophies. IRD can cause low muscle tone (hypotonia), retinitis pigmentosa (a visual impairment that can lead to blindness), developmental delay, sensorineural hearing loss, and liver dysfunction. IRD usually presents at birth or in infancy. Most individuals with IRD can achieve motor milestones, though they may be delayed, and most individuals can communicate with a few words or signs. Leukodystrophy with loss of acquired skills can occur at any age and may stabilize or progress. Peroxisome biogenesis disorders are caused by mutations in one of the PEX genes and are inherited in an autosomal recessive manner.  Life expectancy, medical complications, and the degree of neurological impairment can vary. Survival into adulthood is possible. Adult Refsum disease and infantile refsum disease are separate disorders caused by different genetic defects.","","[GEN ERROR] Local generation failed: name 'torch' is not defined","7.905998458757661e-10","0.010362694300518133","0.010362694300518133","0.782863974571228"
"Q063","What are the treatments for atelosteogenesis type 1 ?","These resources address the diagnosis or management of atelosteogenesis type 1:  - Gene Review: Gene Review: FLNB-Related Disorders  - Genetic Testing Registry: Atelosteogenesis type 1   These resources from MedlinePlus offer information about the diagnosis and management of various health conditions:  - Diagnostic Tests  - Drug Therapy  - Surgery and Rehabilitation  - Genetic Counseling   - Palliative Care","","[GEN ERROR] Local generation failed: name 'torch' is not defined","0","0.0","0.0","0.7832257747650146"
"Q064","What is (are) Speech and Language Problems in Children ?","Children vary in their development of speech and language skills. Health professionals have milestones for what's normal. These milestones help determine if a child is on track or if he or she may need extra help. For example, a child usually has one or two words like ""Hi,"" ""dog,"" ""Dada,"" or ""Mama"" by her first birthday.    Sometimes a delay may be caused by hearing loss, while other times it may be due to a speech or language disorder. Language disorders can mean that the child has trouble understanding what others say or difficulty sharing her thoughts. Children who have trouble producing speech sounds correctly or who hesitate or stutter when talking may have a speech disorder.    If your child's speech or language appears to be delayed, talk to your child's doctor.    NIH: National Institute on Deafness and Other Communication Disorders","","[GEN ERROR] Local generation failed: name 'torch' is not defined","4.770502207457384e-08","0.0130718954248366","0.0130718954248366","0.7968764305114746"
"Q065","What are the symptoms of Cerebellar degeneration ?","What are the signs and symptoms of cerebellar degeneration? Cerebellar degeneration is primarily characterized by a wide-legged, unsteady, lurching walk that is usually accompanied by a back and forth tremor in the trunk of the body. Other signs and symptoms may include slow, unsteady and jerky movement of the arms or legs; slowed and slurred speech; and nystagmus. Although cerebellar disorders usually strike adults in middle age, the age of symptomatic onset varies depending on the underlying cause of the degeneration. Studies have shown that many patients with movement disorders caused by damage to the cerebellum also have psychiatric symptoms. These studies suggest that patients with cerebellar diseases may benefit from screening and treatment of psychiatric disorders.","","[GEN ERROR] Local generation failed: name 'torch' is not defined","4.7581859418276373e-07","0.015625","0.015625","0.7934746146202087"
"Q066","What are the genetic changes related to Shprintzen-Goldberg syndrome ?","Shprintzen-Goldberg syndrome is often caused by mutations in the SKI gene. This gene provides instructions for making a protein that regulates the transforming growth factor beta (TGF-) signaling pathway. The TGF- pathway regulates many processes, including cell growth and division (proliferation), the process by which cells mature to carry out special functions (differentiation), cell movement (motility), and the self-destruction of cells (apoptosis). By attaching to certain proteins in the pathway, the SKI protein blocks TGF- signaling. The SKI protein is found in many cell types throughout the body and appears to play a role in the development of many tissues, including the skull, other bones, skin, and brain.  SKI gene mutations involved in Shprintzen-Goldberg syndrome alter the SKI protein. The altered protein is no longer able to attach to proteins in the TGF- pathway and block signaling. As a result, the pathway is abnormally active. Excess TGF- signaling changes the regulation of gene activity and likely disrupts development of many body systems, including the bones and brain, resulting in the wide range of signs and symptoms of Shprintzen-Goldberg syndrome.  Not all cases of Shprintzen-Goldberg syndrome are caused by mutations in the SKI gene. Other genes may be involved in this condition, and in some cases, the genetic cause is unknown.","","[GEN ERROR] Local generation failed: name 'torch' is not defined","4.350134929618398e-11","0.017777777777777778","0.017777777777777778","0.7860901355743408"
"Q067","Is complement component 2 deficiency inherited ?","This condition is inherited in an autosomal recessive pattern, which means both copies of the gene in each cell have mutations. The parents of an individual with an autosomal recessive condition each carry one copy of the mutated gene, but they typically do not show signs and symptoms of the condition.","","[GEN ERROR] Local generation failed: name 'torch' is not defined","0.0004159513029082128","0.06557377049180327","0.06557377049180327","0.8074650764465332"
"Q068","What is (are) Transient neonatal diabetes mellitus ?","Transient neonatal diabetes mellitus (TNDB) is a type of diabetes that appears within the first few weeks of life but is transient; affected infants go into remission within a few months, with possible relapse to permanent diabetes in adolescence or adulthood. Affected individuals have slow growth before birth followed by hyperglycemia, dehydration and failure to thrive in infancy. Approximately 70% of cases are caused by the overactivity of certain genes in a region of the long (q) arm of chromosome 6 called 6q24. These cases are referred to as 6q24-related TNDB; most (but not all) of these cases are not inherited. Other genetic causes include mutations in the KCNJ11 and ABCC8 genes, which usually cause permanent neonatal diabetes. Treatment may include rehydration and intravenous insulin at the time of diagnosis, followed by subcutaneous insulin.","","[GEN ERROR] Local generation failed: name 'torch' is not defined","1.0337089803016763e-07","0.027586206896551727","0.027586206896551727","0.7918757796287537"
"Q069","Is DOLK-congenital disorder of glycosylation inherited ?","This condition is inherited in an autosomal recessive pattern, which means both copies of the gene in each cell have mutations. The parents of an individual with an autosomal recessive condition each carry one copy of the mutated gene, but they typically do not show signs and symptoms of the condition.","","[GEN ERROR] Local generation failed: name 'torch' is not defined","0.0004159513029082128","0.06557377049180327","0.06557377049180327","0.8074650764465332"
"Q070","What is (are) Fecal Incontinence ?","Fecal incontinence can cause embarrassment, fear, and loneliness. Taking steps to cope is important. The following tips can help:","","[GEN ERROR] Local generation failed: name 'torch' is not defined","0.008580791159409903","0.06896551724137931","0.06896551724137931","0.8264380097389221"
"Q071","What are the symptoms of Factor XI deficiency ?","What are the signs and symptoms of Factor XI deficiency? The Human Phenotype Ontology provides the following list of signs and symptoms for Factor XI deficiency. If the information is available, the table below includes how often the symptom is seen in people with this condition. You can use the MedlinePlus Medical Dictionary to look up the definitions for these medical terms. Signs and Symptoms Approximate number of patients (when available) Abnormal bleeding - Autosomal dominant inheritance - Autosomal recessive inheritance - Prolonged partial thromboplastin time - Reduced factor XI activity - The Human Phenotype Ontology (HPO) has collected information on how often a sign or symptom occurs in a condition. Much of this information comes from Orphanet, a European rare disease database. The frequency of a sign or symptom is usually listed as a rough estimate of the percentage of patients who have that feature. The frequency may also be listed as a fraction. The first number of the fraction is how many people had the symptom, and the second number is the total number of people who were examined in one study. For example, a frequency of 25/25 means that in a study of 25 people all patients were found to have that symptom. Because these frequencies are based on a specific study, the fractions may be different if another group of patients are examined. Sometimes, no information on frequency is available. In these cases, the sign or symptom may be rare or common.","","[GEN ERROR] Local generation failed: name 'torch' is not defined","1.1886187942516551e-12","0.007936507936507936","0.007936507936507936","0.7863086462020874"
"Q072","What are the genetic changes related to Hashimoto thyroiditis ?","Hashimoto thyroiditis is thought to result from a combination of genetic and environmental factors. Some of these factors have been identified, but many remain unknown.  Hashimoto thyroiditis is classified as an autoimmune disorder, one of a large group of conditions that occur when the immune system attacks the body's own tissues and organs. In people with Hashimoto thyroiditis, white blood cells called lymphocytes accumulate abnormally in the thyroid, which can damage it. The lymphocytes make immune system proteins called antibodies that attack and destroy thyroid cells. When too many thyroid cells become damaged or die, the thyroid can no longer make enough hormones to regulate body functions. This shortage of thyroid hormones underlies the signs and symptoms of Hashimoto thyroiditis. However, some people with thyroid antibodies never develop hypothyroidism or experience any related signs or symptoms.  People with Hashimoto thyroiditis have an increased risk of developing other autoimmune disorders, including vitiligo, rheumatoid arthritis, Addison disease, type 1 diabetes, multiple sclerosis, and pernicious anemia.  Variations in several genes have been studied as possible risk factors for Hashimoto thyroiditis. Some of these genes are part of a family called the human leukocyte antigen (HLA) complex. The HLA complex helps the immune system distinguish the body's own proteins from proteins made by foreign invaders (such as viruses and bacteria). Other genes that have been associated with Hashimoto thyroiditis help regulate the immune system or are involved in normal thyroid function. Most of the genetic variations that have been discovered are thought to have a small impact on a person's overall risk of developing this condition.  Other, nongenetic factors also play a role in Hashimoto thyroiditis. These factors may trigger the condition in people who are at risk, although the mechanism is unclear. Potential triggers include changes in sex hormones (particularly in women), viral infections, certain medications, exposure to ionizing radiation, and excess consumption of iodine (a substance involved in thyroid hormone production).","","[GEN ERROR] Local generation failed: name 'torch' is not defined","8.029580844411492e-16","0.006024096385542168","0.006024096385542168","0.7805348634719849"
"Q073","What are the genetic changes related to Cowden syndrome ?","Changes involving at least four genes, PTEN, SDHB, SDHD, and KLLN, have been identified in people with Cowden syndrome or Cowden-like syndrome.  Most cases of Cowden syndrome and a small percentage of cases of Cowden-like syndrome result from mutations in the PTEN gene. The protein produced from the PTEN gene is a tumor suppressor, which means that it normally prevents cells from growing and dividing (proliferating) too rapidly or in an uncontrolled way. Mutations in the PTEN gene prevent the protein from regulating cell proliferation effectively, leading to uncontrolled cell division and the formation of hamartomas and cancerous tumors. The PTEN gene likely has other important functions within cells; however, it is unclear how mutations in this gene cause the other features of Cowden syndrome, such as macrocephaly and intellectual disability.  Other cases of Cowden syndrome and Cowden-like syndrome result from changes involving the KLLN gene. This gene provides instructions for making a protein called killin. Like the protein produced from the PTEN gene, killin probably acts as a tumor suppressor. The genetic change that causes Cowden syndrome and Cowden-like syndrome is known as promoter hypermethylation. The promoter is a region of DNA near the gene that controls gene activity (expression). Hypermethylation occurs when too many small molecules called methyl groups are attached to the promoter region. The extra methyl groups reduce the expression of the KLLN gene, which means that less killin is produced. A reduced amount of killin may allow abnormal cells to survive and proliferate inappropriately, which can lead to the formation of tumors.  A small percentage of people with Cowden syndrome or Cowden-like syndrome have variations in the SDHB or SDHD gene. These genes provide instructions for making parts of an enzyme called succinate dehydrogenase (SDH), which is important for energy production in the cell. This enzyme also plays a role in signaling pathways that regulate cell survival and proliferation. Variations in the SDHB or SDHD gene alter the function of the SDH enzyme. Studies suggest that the defective enzyme may allow cells to grow and divide unchecked, leading to the formation of hamartomas and cancerous tumors. However, researchers are uncertain whether the identified SDHB and SDHD gene variants are directly associated with Cowden syndrome and Cowden-like syndrome. Some of the variants described above have also been identified in people without the features of these conditions.  When Cowden syndrome and Cowden-like syndrome are not related to changes in the PTEN, SDHB, SDHD, or KLLN genes, the cause of the conditions is unknown.","","[GEN ERROR] Local generation failed: name 'torch' is not defined","5.851859623036531e-20","0.009237875288683603","0.009237875288683603","0.7763731479644775"
"Q074","What is (are) Pericardial Disorders ?","The pericardium is a membrane, or sac, that surrounds your heart. It holds the heart in place and helps it work properly. Problems with the pericardium include       - Pericarditis - an inflammation of the sac. It can be from a virus or other infection, a heart attack, heart surgery, other medical conditions, injuries, and certain medicines.    - Pericardial effusion - the buildup of fluid in the sac    - Cardiac tamponade - a serious problem in which buildup of fluid in the sac causes problems with the function of the heart       Symptoms of pericardial problems include chest pain, rapid heartbeat, and difficulty breathing. Fever is a common symptom of acute pericarditis. Your doctor may use a physical exam, imaging tests, and heart tests to make a diagnosis. Treatment depends on the cause.    NIH: National Heart, Lung, and Blood Institute","","[GEN ERROR] Local generation failed: name 'torch' is not defined","5.826704553997624e-08","0.014084507042253523","0.014084507042253523","0.7835548520088196"
"Q075","How to diagnose Jejunal atresia ?","How is jejunal atresia diagnosed? In some cases, jejunal atresia may be diagnosed before birth on a prenatal ultrasound. After birth, a diagnosis is often suspected based on the presence of characteristic signs and symptoms. Additional testing such as X-rays with or without contrast can then be ordered to confirm the diagnosis.","","[GEN ERROR] Local generation failed: name 'torch' is not defined","0.0003164867567675957","0.031746031746031744","0.031746031746031744","0.8087141513824463"
"Q076","What are the symptoms of Neuropathy, congenital, with arthrogryposis multiplex ?","What are the signs and symptoms of Neuropathy, congenital, with arthrogryposis multiplex? The Human Phenotype Ontology provides the following list of signs and symptoms for Neuropathy, congenital, with arthrogryposis multiplex. If the information is available, the table below includes how often the symptom is seen in people with this condition. You can use the MedlinePlus Medical Dictionary to look up the definitions for these medical terms. Signs and Symptoms Approximate number of patients (when available) Areflexia of lower limbs - Autosomal dominant inheritance - Babinski sign - Broad-based gait - Calcaneovalgus deformity - Congenital onset - Congenital peripheral neuropathy - Distal amyotrophy - Distal muscle weakness - Hyperlordosis - Hyporeflexia of lower limbs - Nonprogressive - The Human Phenotype Ontology (HPO) has collected information on how often a sign or symptom occurs in a condition. Much of this information comes from Orphanet, a European rare disease database. The frequency of a sign or symptom is usually listed as a rough estimate of the percentage of patients who have that feature. The frequency may also be listed as a fraction. The first number of the fraction is how many people had the symptom, and the second number is the total number of people who were examined in one study. For example, a frequency of 25/25 means that in a study of 25 people all patients were found to have that symptom. Because these frequencies are based on a specific study, the fractions may be different if another group of patients are examined. Sometimes, no information on frequency is available. In these cases, the sign or symptom may be rare or common.","","[GEN ERROR] Local generation failed: name 'torch' is not defined","1.0782906425583962e-13","0.007407407407407408","0.007407407407407408","0.778995156288147"
"Q077","What are the treatments for National Hormone and Pituitary Program (NHPP): Information for People Treated with Pituitary Human Growth Hormone (Comprehensive Report) ?","The best source for details on your treatment is the doctor or center that gave you pituitary hGH. To protect patient privacy, the HHS did not ask for the names of those treated with pituitary hGH until 1985, when the first CJD cases were reported. In 1985, the HHS asked doctors and treatment centers for the names and addresses of recipients to inform them of the risk of CJD.","","[GEN ERROR] Local generation failed: name 'torch' is not defined","6.87562879250479e-05","0.07594936708860758","0.05063291139240506","0.8114863038063049"
"Q078","How many people are affected by histidinemia ?","Estimates of the incidence of histidinemia vary widely, ranging between 1 in 8,600 to 1 in 90,000 people.","","[GEN ERROR] Local generation failed: name 'torch' is not defined","0","0.0","0.0","0.802696168422699"
"Q079","What is (are) Irritable Bowel Syndrome ?","Irritable bowel syndrome (IBS) is a problem that affects the large intestine. It can cause abdominal cramping, bloating, and a change in bowel habits. Some people with the disorder have constipation. Some have diarrhea. Others go back and forth between the two. Although IBS can cause a great deal of discomfort, it does not harm the intestines.    IBS is common. It affects about twice as many women as men and is most often found in people younger than 45 years. No one knows the exact cause of IBS. There is no specific test for it. Your doctor may run tests to be sure you don't have other diseases. These tests may include stool sampling tests, blood tests, and x-rays. Your doctor may also do a test called a sigmoidoscopy or colonoscopy. Most people diagnosed with IBS can control their symptoms with diet, stress management, probiotics, and medicine.    NIH: National Institute of Diabetes and Digestive and Kidney Diseases","","[GEN ERROR] Local generation failed: name 'torch' is not defined","1.0363846711092467e-08","0.02366863905325444","0.02366863905325444","0.7916398644447327"
"Q080","What is (are) craniofacial-deafness-hand syndrome ?","Craniofacial-deafness-hand syndrome is characterized by distinctive facial features, profound hearing loss, and hand abnormalities.  The distinctive facial features of people with craniofacial-deafness-hand syndrome result from a variety of developmental abnormalities involving the skull (cranium) and face. Affected individuals often have underdeveloped or absent nasal bones resulting in a small nose, thin nostrils, and a flattened mid-face with a flat nasal bridge. Individuals with this condition typically also have widely spaced eyes (ocular hypertelorism), narrowed openings of the eyes (narrowed palpebral fissures), a small upper jaw (hypoplastic maxilla), and a small mouth with pursed lips.  People with this condition also have profound hearing loss that is caused by abnormalities in the inner ear (sensorineural deafness). Hearing loss in these individuals is present from birth.  In affected individuals, a common abnormality of the muscles in the hand is a malformation in which all of the fingers are angled outward toward the fifth finger (ulnar deviation). People with craniofacial-deafness-hand syndrome may also have permanently bent third, fourth, and fifth fingers (camptodactyly), which can limit finger movement and lead to joint deformities called contractures. Contractures in the wrist can further impair hand movements.","","[GEN ERROR] Local generation failed: name 'torch' is not defined","3.5523940977859406e-10","0.009708737864077667","0.009708737864077667","0.7838879823684692"
"Q081","What is (are) Leigh's Disease ?","Leigh's disease is a rare inherited neurometabolic disorder that affects the central nervous system. This progressive disorder begins in infants between the ages of three months and two years.Rarely, it occurs in teenagers and adults.Leigh's disease can be caused by mutations in mitochondrial DNA or by deficiencies of an enzyme called pyruvate dehydrogenase. Symptoms of Leigh's disease usually progress rapidly. The earliest signs may be poor sucking ability,and the loss of head control and motor skills.These symptoms may be accompanied by loss of appetite, vomiting, irritability, continuous crying, and seizures. As the disorder progresses, symptoms may also include generalized weakness, lack of muscle tone, and episodes of lactic acidosis, which can lead to impairment of respiratory and kidney function.","","[GEN ERROR] Local generation failed: name 'torch' is not defined","3.8956731594376037e-07","0.029411764705882353","0.014705882352941176","0.7951067686080933"
"Q082","What are the genetic changes related to Langer-Giedion syndrome ?","Langer-Giedion syndrome is caused by the deletion or mutation of at least two genes on chromosome 8. Researchers have determined that the loss of a functional EXT1 gene is responsible for the multiple osteochondromas seen in people with Langer-Giedion syndrome. Loss of a functional TRPS1 gene may cause the other bone and facial abnormalities. The EXT1 gene and the TRPS1 gene are always missing or mutated in affected individuals, but other neighboring genes may also be involved. The loss of additional genes from this region of chromosome 8 likely contributes to the varied features of this condition.  Langer-Giedion syndrome is often described as a contiguous gene deletion syndrome because it results from the loss of several neighboring genes.","","[GEN ERROR] Local generation failed: name 'torch' is not defined","4.305384682138314e-07","0.015267175572519085","0.015267175572519085","0.7943375706672668"
"Q083","What is (are) Salmonella Infections ?","Salmonella is the name of a group of bacteria. In the United States, it is a common cause of foodborne illness. Salmonella occurs in raw poultry, eggs, beef, and sometimes on unwashed fruit and vegetables. You also can get infected after handling pets, especially reptiles like snakes, turtles, and lizards.    Symptoms include       - Fever    - Diarrhea    - Abdominal cramps    - Headache    - Possible nausea, vomiting, and loss of appetite       Symptoms usually last 4-7 days. Your health care provider diagnoses the infection with a stool test. Most people get better without treatment. Infection can be more serious in the elderly, infants, and people with chronic health problems. If Salmonella gets into the bloodstream, it can be serious. The usual treatment is antibiotics.    Typhoid fever, a more serious disease caused by Salmonella, is not common in the United States. It frequently occurs in developing countries.    NIH: National Institute of Allergy and Infectious Diseases","","[GEN ERROR] Local generation failed: name 'torch' is not defined","3.7163831705845575e-08","0.03821656050955414","0.03821656050955414","0.7826035022735596"
"Q084","How to diagnose Dyggve-Melchior-Clausen syndrome ?","How is Dyggve-Melchior-Clausen syndrome diagnosed? DMC syndrome may be suspected following a thorough clinical evaluation, a detailed patient history, and identification of characteristic findings (e.g., barrel chest, and disproportionate short stature). Radiographs may confirm specific skeletal abnormalities and findings consistent with DMC syndrome. Genetic testing can also confirm a diagnosis. Is genetic testing available for Dyggve-Melchior-Clausen syndrome? GeneTests lists the name of the laboratory that performs clinical genetic testing for Dyggve-Melchior-Clausen syndrome. To view the contact information for this laboratory, click here. Please note:  Most of the laboratories listed through GeneTests do not accept direct contact from patients and their families; therefore, if you are interested in learning more, you will need to work with a health care provider or a genetics professional.  Below, we provide a list of online resources that can assist you in locating a genetics professional near you.","","[GEN ERROR] Local generation failed: name 'torch' is not defined","5.140265110768525e-08","0.03773584905660377","0.025157232704402517","0.7938315272331238"
"Q085","Is progressive familial heart block inherited ?","Progressive familial heart block types I and II are inherited in an autosomal dominant pattern, which means one copy of an altered gene in each cell is sufficient to cause the disorder. Some people with TRPM4 gene mutations never develop the condition, a situation known as reduced penetrance.  In most cases, an affected person has one parent with progressive familial heart block.","","[GEN ERROR] Local generation failed: name 'torch' is not defined","0.0001164289712178253","0.027777777777777776","0.027777777777777776","0.8066907525062561"
"Q086","What are the treatments for African iron overload ?","These resources address the diagnosis or management of African iron overload:  - Genetic Testing Registry: African nutritional hemochromatosis   These resources from MedlinePlus offer information about the diagnosis and management of various health conditions:  - Diagnostic Tests  - Drug Therapy  - Surgery and Rehabilitation  - Genetic Counseling   - Palliative Care","","[GEN ERROR] Local generation failed: name 'torch' is not defined","0","0.0","0.0","0.7879492044448853"
"Q087","What are the treatments for Alzheimer's Disease ?","Medications Can Treat Symptoms There is no known cure for Alzheimer's disease, but there are medicines that can treat symptoms of the disease. Most Alzheimers medicines work best for people in the mild or moderate stages of the disease. For example, they can keep memory loss from getting worse for a time. Other medicines may help behavioral symptoms, such as trouble sleeping or feeling worried or depressed. All of these medicines may have side effects and may not work for everyone. A person with Alzheimer's should be under a doctor's care. He or she may see a primary care doctor or a specialist, such as a neurologist, geriatric psychiatrist, or geriatrician. The doctor can treat the person's physical and behavioral problems, answer questions, and refer the patient and caregiver to other sources of help. Medications for Alzheimers Currently, no treatment can stop Alzheimer's disease. However, four medications are used to treat its symptoms. These medicines may help maintain thinking, memory, and speaking skills for a limited time. They work by regulating certain chemicals in the brain. Most of these medicines work best for people in the early or middle stages of the disease. For people with mild to moderate Alzheimers, donepezil (Aricept), rivastigmine (Exelon), or galantamine (Razadyne) may help. Donepezil is also approved to treat symptoms of moderate to severe Alzheimer's. Another drug, memantine (Namenda), is used to treat symptoms of moderate to severe Alzheimers, although it also has limited effects. All of these medicines have possible side effects, including nausea, vomiting, diarrhea, and loss of appetite. You should report any unusual symptoms to a doctor right away. It is important to follow a doctor's instructions when taking any medication. Scientists are testing many new drugs and other treatments to see if they can help slow, delay, or prevent Alzheimers disease. Learn how Alzheimers medications work, how to take them, and where to find more information.  Managing Behavioral Symptoms Certain medicines and other approaches can help control the behavioral symptoms of Alzheimer's disease. These symptoms include sleeplessness, agitation, wandering, anxiety, anger, and depression. Treating these symptoms often makes people with Alzheimers disease more comfortable and makes their care easier for caregivers. See more about medications used to treat behavioral symptoms. Some medicines must be used with caution. Memory Aids Memory aids may help some people who have mild Alzheimers disease with day-to-day living. A calendar, list of daily plans, notes about simple safety measures, and written directions describing how to use common household items can be useful. Help for Caregivers Caring for a person with Alzheimers can have high physical, emotional, and financial costs. The demands of day-to-day care, changing family roles, and difficult decisions about placement in a care facility can be difficult. Sometimes, taking care of the person with Alzheimers makes caregivers feel good because they are providing love and comfort. At other times, it can be overwhelming. Changes in the person can be hard to understand and cope with. Here are some ways for caregivers of people with Alzheimers to get help. - Ask family and friends to help out in specific ways, like making a meal or visiting the person while they take a break.  - Join a caregivers support group.  - Use home health care, adult day care, and respite services. Ask family and friends to help out in specific ways, like making a meal or visiting the person while they take a break. Join a caregivers support group. Use home health care, adult day care, and respite services. For more information about caring for someone with Alzheimers disease, see  Alzheimer's Caregiving.","","[GEN ERROR] Local generation failed: name 'torch' is not defined","8.0642461785849765e-28","0.006482982171799028","0.006482982171799028","0.776867687702179"
"Q088","What causes Peyronie's Disease ?","Medical experts do not know the exact cause of Peyronies disease. Many believe that Peyronies disease may be the result of","","[GEN ERROR] Local generation failed: name 'torch' is not defined","0.007025357607948558","0.06451612903225806","0.06451612903225806","0.8242351412773132"
"Q089","What are the symptoms of Dwarfism stiff joint ocular abnormalities ?","What are the signs and symptoms of Dwarfism stiff joint ocular abnormalities? The Human Phenotype Ontology provides the following list of signs and symptoms for Dwarfism stiff joint ocular abnormalities. If the information is available, the table below includes how often the symptom is seen in people with this condition. You can use the MedlinePlus Medical Dictionary to look up the definitions for these medical terms. Signs and Symptoms Approximate number of patients (when available) Autosomal dominant inheritance - Cataract - Delayed ossification of carpal bones - Disproportionate short-limb short stature - Glaucoma - Hypermetropia - Joint stiffness - Retinal detachment - Severe short stature - Short lower limbs - Short phalanx of finger - Thickened skin - The Human Phenotype Ontology (HPO) has collected information on how often a sign or symptom occurs in a condition. Much of this information comes from Orphanet, a European rare disease database. The frequency of a sign or symptom is usually listed as a rough estimate of the percentage of patients who have that feature. The frequency may also be listed as a fraction. The first number of the fraction is how many people had the symptom, and the second number is the total number of people who were examined in one study. For example, a frequency of 25/25 means that in a study of 25 people all patients were found to have that symptom. Because these frequencies are based on a specific study, the fractions may be different if another group of patients are examined. Sometimes, no information on frequency is available. In these cases, the sign or symptom may be rare or common.","","[GEN ERROR] Local generation failed: name 'torch' is not defined","8.828297098187771e-14","0.007352941176470587","0.007352941176470587","0.7814313769340515"
"Q090","What are the treatments for Empty Sella Syndrome ?","Unless the syndrome results in other medical problems, treatment for endocrine dysfunction associated with pituitary malfunction is symptomatic and supportive. Individuals with primary ESS who have high levels of prolactin may be given bromocriptine. In some cases, particularly when spinal fluid drainage is observed, surgery may be needed.","","[GEN ERROR] Local generation failed: name 'torch' is not defined","0.0004721427602222849","0.034482758620689655","0.034482758620689655","0.8021548986434937"
"Q091","How many people are affected by nail-patella syndrome ?","The prevalence of nail-patella syndrome is estimated to be 1 in 50,000 individuals.","","[GEN ERROR] Local generation failed: name 'torch' is not defined","0.015635220893785457","0.08","0.08","0.8122583627700806"
"Q092","Is dilated cardiomyopathy with ataxia syndrome inherited ?","This condition is inherited in an autosomal recessive pattern, which means both copies of the gene in each cell have mutations. The parents of an individual with an autosomal recessive condition each carry one copy of the mutated gene, but they typically do not show signs and symptoms of the condition.","","[GEN ERROR] Local generation failed: name 'torch' is not defined","0.0004159513029082128","0.06557377049180327","0.06557377049180327","0.8074650764465332"
"Q093","What is (are) Familial hemiplegic migraine type 3 ?","Familial hemiplegic migraine (FHM) is a form of migraine headache that runs in families. Migraines usually cause intense, throbbing pain in one area of the head, often accompanied by nausea, vomiting, and extreme sensitivity to light and sound. These recurrent headaches typically begin in childhood or adolescence and may last from a few hours to a few days. People with familial hemiplegic migraine experience an aura that comes before the headache. The most common symptoms associated with an aura are temporary visual changes such as blind spots (scotomas), flashing lights, zig-zagging lines, and double vision. In people with familial hemiplegic migraine, auras are also characterized by temporary numbness or weakness, often affecting one side of the body (hemiparesis). An aura typically develops gradually over a few minutes and lasts about an hour. Researchers have identified three forms of familial hemiplegic migraine known as FHM1, FHM2, and FHM3. Each of the three types is caused by mutations in a different gene.","","[GEN ERROR] Local generation failed: name 'torch' is not defined","6.456172674271312e-09","0.011695906432748537","0.011695906432748537","0.7907887101173401"
"Q094","What are the symptoms of Congenital porphyria ?","What are the signs and symptoms of Congenital porphyria? The Human Phenotype Ontology provides the following list of signs and symptoms for Congenital porphyria. If the information is available, the table below includes how often the symptom is seen in people with this condition. You can use the MedlinePlus Medical Dictionary to look up the definitions for these medical terms. Signs and Symptoms Approximate number of patients (when available) Abnormal blistering of the skin 90% Abnormality of dental color 90% Abnormality of the heme biosynthetic pathway 90% Abnormality of urine homeostasis 90% Cutaneous photosensitivity 90% Hemolytic anemia 90% Hypertrichosis 90% Self-injurious behavior 90% Splenomegaly 90% Abnormality of immune system physiology 50% Recurrent fractures 50% Reduced bone mineral density 50% Thrombocytopenia 7.5% Abnormality of the mouth - Alopecia - Atypical scarring of skin - Autosomal recessive inheritance - Cholelithiasis - Congenital onset - Conjunctivitis - Corneal scarring - Hyperpigmentation of the skin - Hypopigmentation of the skin - Joint contracture of the hand - Loss of eyelashes - Osteolysis - Osteopenia - Pathologic fracture - Scleroderma - Short stature - Thickened skin - Vertebral compression fractures - The Human Phenotype Ontology (HPO) has collected information on how often a sign or symptom occurs in a condition. Much of this information comes from Orphanet, a European rare disease database. The frequency of a sign or symptom is usually listed as a rough estimate of the percentage of patients who have that feature. The frequency may also be listed as a fraction. The first number of the fraction is how many people had the symptom, and the second number is the total number of people who were examined in one study. For example, a frequency of 25/25 means that in a study of 25 people all patients were found to have that symptom. Because these frequencies are based on a specific study, the fractions may be different if another group of patients are examined. Sometimes, no information on frequency is available. In these cases, the sign or symptom may be rare or common.","","[GEN ERROR] Local generation failed: name 'torch' is not defined","9.832737905751926e-17","0.005988023952095808","0.005988023952095808","0.7719505429267883"
"Q095","What are the genetic changes related to Mowat-Wilson syndrome ?","Mutations in the ZEB2 gene cause Mowat-Wilson syndrome. The ZEB2 gene provides instructions for making a protein that plays a critical role in the formation of many organs and tissues before birth. This protein is a transcription factor, which means that it attaches (binds) to specific regions of DNA and helps control the activity of particular genes. Researchers believe that the ZEB2 protein is involved in the development of tissues that give rise to the nervous system, digestive tract, facial features, heart, and other organs.  Mowat-Wilson syndrome almost always results from a loss of one working copy of the ZEB2 gene in each cell. In some cases, the entire gene is deleted. In other cases, mutations within the gene lead to the production of an abnormally short, nonfunctional version of the ZEB2 protein. A shortage of this protein disrupts the normal development of many organs and tissues, which causes the varied signs and symptoms of Mowat-Wilson syndrome.","","[GEN ERROR] Local generation failed: name 'torch' is not defined","8.714921547596654e-09","0.011764705882352943","0.011764705882352943","0.7925180196762085"
"Q096","What are the symptoms of Intravenous leiomyomatosis ?","What are the signs and symptoms of intravenous leiomyomatosis? IVL most often does not cause detectable signs or symptoms. In fact, they may be found by chance during surgery. When symptoms do arise, they can include abnormal uterine bleeding, lower abdominal tenderness, ad venous thrombosis. When IVL in the uterus is exposed to venous blood that flows to the heart, it usually grows slowly and may reach the heart undetected. When IVL reaches the heart, it can result in pulmonary embolisms, cardiac failure, fainting, and in some cases, sudden death. Most people do not experience symptoms until the IVL reaches the heart.","","[GEN ERROR] Local generation failed: name 'torch' is not defined","2.5359496774274012e-06","0.03571428571428571","0.03571428571428571","0.800112247467041"
"Q097","How many people are affected by dihydrolipoamide dehydrogenase deficiency ?","Dihydrolipoamide dehydrogenase deficiency occurs in an estimated 1 in 35,000 to 48,000 individuals of Ashkenazi Jewish descent. This population typically has liver disease as the primary symptom. In other populations, the prevalence of dihydrolipoamide dehydrogenase deficiency is unknown, but the condition is likely rare.","","[GEN ERROR] Local generation failed: name 'torch' is not defined","0.0007043542305121245","0.03571428571428571","0.03571428571428571","0.7926207184791565"
"Q098","How many people are affected by malonyl-CoA decarboxylase deficiency ?","This condition is very rare; fewer than 30 cases have been reported.","","[GEN ERROR] Local generation failed: name 'torch' is not defined","0.01727959142950042","0.0909090909090909","0.0909090909090909","0.8279404044151306"
"Q099","Is autosomal recessive axonal neuropathy with neuromyotonia inherited ?","This condition is inherited in an autosomal recessive pattern, which means both copies of the gene in each cell have mutations. The parents of an individual with an autosomal recessive condition each carry one copy of the mutated gene, but they typically do not show signs and symptoms of the condition.","","[GEN ERROR] Local generation failed: name 'torch' is not defined","0.0004159513029082128","0.06557377049180327","0.06557377049180327","0.8074650764465332"
"Q100","What is (are) Urinary Tract Infection In Adults ?","A UTI is an infection in the urinary tract. Infections are caused by microbesorganisms too small to be seen without a microscopeincluding fungi, viruses, and bacteria. Bacteria are the most common cause of UTIs. Normally, bacteria that enter the urinary tract are rapidly removed by the body before they cause symptoms. However, sometimes bacteria overcome the bodys natural defenses and cause infection. An infection in the urethra is called urethritis. A bladder infection is called cystitis. Bacteria may travel up the ureters to multiply and infect the kidneys. A kidney infection is called pyelonephritis.","","[GEN ERROR] Local generation failed: name 'torch' is not defined","4.745901473772322e-06","0.01923076923076923","0.01923076923076923","0.7968349456787109"
